Year,Bosque,Periodo,Planta,X,Y,poll_richness,prob_consp_step
2020,1,2,Bellis_perennis,3,0,1,0.21654593047372778
2020,1,2,Bellis_perennis,3,9,1,0.49181913550174006
2020,1,2,Bellis_perennis,5,1,1,0.8077604317047393
2020,1,2,Bellis_perennis,7,1,1,0.4568204211299119
2020,1,2,Bellis_perennis,13,7,1,0.449518809889142
2020,1,2,Bellis_perennis,14,7,1,0.5833273483146323
2020,1,2,Bellis_perennis,14,8,1,0.48618286212985035
2020,1,2,Bellis_perennis,14,15,1,0.7218847221275166
2020,1,2,Bellis_perennis,14,17,1,0.6465065782924957
2020,1,2,Bellis_perennis,15,5,1,0.7839241592909786
2020,1,2,Bellis_perennis,15,14,1,0.8026975602341638
2020,1,2,Bellis_perennis,15,15,2,0.5735563825356589
2020,1,2,Bellis_perennis,16,5,1,0.68556818139506
2020,1,2,Bellis_perennis,16,6,1,0.6665463689419643
2020,1,2,Bellis_perennis,16,15,1,0.5211189457855996
2020,1,2,Bellis_perennis,16,17,1,0.7128556613187319
2020,1,2,Bellis_perennis,16,18,1,0.7490584779477134
2020,1,2,Bellis_perennis,17,15,1,0.5473325770855763
2020,1,2,Bellis_perennis,18,11,1,0.6757123139040291
2020,1,2,Bellis_perennis,18,15,1,0.5289738395084951
2020,1,2,Bellis_perennis,19,12,1,0.7595949972424092
2020,1,2,Bellis_perennis,19,13,1,0.6561146298577506
2020,1,2,Bellis_perennis,19,16,1,0.8016224263674002
2020,1,2,Bellis_perennis,20,14,1,0.6816484979340213
2020,1,2,Bellis_perennis,20,16,1,0.5938924686058678
2020,1,2,Bellis_perennis,20,17,1,0.7459192617153682
2020,1,2,Bellis_perennis,20,18,1,0.666583980985813
2020,1,2,Bellis_perennis,21,9,1,0.6287103477523566
2020,1,2,Bellis_perennis,22,16,1,0.38438752221216604
2020,1,2,Bellis_perennis,23,1,1,0.6372897018815188
2020,1,2,Bellis_perennis,23,2,1,0.6623028810964118
2020,1,2,Ranunculus_sp,0,2,1,0.09559242720008695
2020,1,2,Ranunculus_sp,1,2,1,0.4942062677995195
2020,1,2,Ranunculus_sp,2,15,1,0.9220705233249477
2020,1,2,Ranunculus_sp,2,18,1,0.8741814503720245
2020,1,2,Ranunculus_sp,3,15,1,0.9778234530454638
2020,1,2,Ranunculus_sp,6,4,1,0.2969264896524051
2020,1,2,Ranunculus_sp,6,21,1,0.656106032057896
2020,1,2,Ranunculus_sp,7,1,1,0.17427205371670967
2020,1,2,Ranunculus_sp,7,4,1,0.5058662263342555
2020,1,2,Ranunculus_sp,9,19,1,0.7798261955699636
2020,1,2,Ranunculus_sp,10,8,1,0.2657554631067052
2020,1,2,Ranunculus_sp,10,18,1,0.9004181482748526
2020,1,2,Ranunculus_sp,11,2,1,0.45937270808808384
2020,1,2,Ranunculus_sp,11,4,1,0.32358763665408863
2020,1,2,Ranunculus_sp,11,9,1,0.7390877852058627
2020,1,2,Ranunculus_sp,11,10,1,0.6449854987014251
2020,1,2,Ranunculus_sp,13,9,1,0.7392501455036034
2020,1,2,Ranunculus_sp,13,20,1,0.9827122961096586
2020,1,2,Ranunculus_sp,16,5,1,0.5891897108059955
2020,1,2,Ranunculus_sp,16,10,1,0.24344568912589248
2020,1,2,Ranunculus_sp,16,17,1,0.8308153572254225
2020,1,2,Ranunculus_sp,17,11,1,0.7663608105951197
2020,1,2,Ranunculus_sp,17,15,1,0.40737556571868616
2020,1,2,Ranunculus_sp,18,11,1,0.9500201637161404
2020,1,2,Ranunculus_sp,18,15,1,0.5654919156890692
2020,1,2,Ranunculus_sp,18,17,1,0.4121060908001242
2020,1,2,Ranunculus_sp,19,9,1,0.6861994041633869
2020,1,2,Ranunculus_sp,19,10,1,0.6067012903408443
2020,1,2,Ranunculus_sp,19,11,1,0.850734336088272
2020,1,2,Ranunculus_sp,19,12,1,0.8200556310116477
2020,1,2,Ranunculus_sp,19,16,2,0.8103556305270766
2020,1,2,Ranunculus_sp,20,17,1,0.8791579770331315
2020,1,2,Ranunculus_sp,21,10,1,0.8946035955636832
2020,1,2,Ranunculus_sp,21,20,1,0.9935712849517574
2020,1,2,Ranunculus_sp,21,21,1,0.8945671596539163
2020,1,2,Ranunculus_sp,24,8,1,0.31173140531550525
2020,1,2,Vicia_pyrenaica,6,9,1,0.15599934263129756
2020,1,2,Vicia_pyrenaica,7,11,1,0.35890440094878445
2020,1,2,Vicia_pyrenaica,8,11,1,0.36229657701592605
2020,1,2,Vicia_pyrenaica,9,2,1,0.4855442087361443
2020,1,2,Vicia_pyrenaica,10,2,1,0.34229980637184876
2020,1,2,Vicia_pyrenaica,12,8,2,0.3329642021930886
2020,1,2,Vicia_pyrenaica,12,17,1,0.6180007560115122
2020,1,2,Vicia_pyrenaica,13,16,1,0.7327517767358468
2020,1,2,Vicia_pyrenaica,14,8,1,0.5030725832453723
2020,1,2,Vicia_pyrenaica,14,18,1,0.6949480637215721
2020,1,2,Vicia_pyrenaica,15,11,1,0.5557424975291664
2020,1,2,Vicia_pyrenaica,16,9,2,0.5647962693909938
2020,1,2,Vicia_pyrenaica,17,0,1,0.7042928848193482
2020,1,2,Vicia_pyrenaica,18,0,1,0.7326693393493349
2020,2,2,Ajuga_reptans,14,18,1,0.22289963593490317
2020,2,2,Ajuga_reptans,14,19,1,0.7690899239645558
2020,2,2,Ajuga_reptans,15,18,1,0.5982586482432757
2020,2,2,Ajuga_reptans,15,24,1,0.8000918995849149
2020,2,2,Ajuga_reptans,16,19,1,0.2737941064512482
2020,2,2,Ajuga_reptans,16,20,1,0.48644002128529634
2020,2,2,Ajuga_reptans,16,23,2,0.9273764907468075
2020,2,2,Ajuga_reptans,17,18,2,0.5192278857148566
2020,2,2,Ajuga_reptans,17,20,1,0.5308941219486444
2020,2,2,Ajuga_reptans,17,24,1,0.9873755760381836
2020,2,2,Ajuga_reptans,18,22,2,0.7424387519722885
2020,2,2,Ajuga_reptans,19,22,2,0.560586201082405
2020,2,2,Ajuga_reptans,20,21,2,0.9132019946786216
2020,2,2,Ajuga_reptans,21,21,2,0.8364141447249025
2020,2,2,Ajuga_reptans,24,21,1,0.8310187234533962
2020,2,2,Bellis_perennis,0,0,1,0.8871511927385908
2020,2,2,Bellis_perennis,1,0,1,0.8568025816709438
2020,2,2,Bellis_perennis,8,5,1,0.7176902501090096
2020,2,2,Bellis_perennis,9,0,1,0.8497921972232556
2020,2,2,Bellis_perennis,9,1,1,0.6909666304641414
2020,2,2,Bellis_perennis,9,5,1,0.7175035838460803
2020,2,2,Bellis_perennis,9,6,2,0.6287557147603283
2020,2,2,Bellis_perennis,12,1,1,0.64252464721113145
2020,2,2,Bellis_perennis,12,2,1,0.4304502464661912
2020,2,2,Bellis_perennis,16,4,1,0.36185035249117004
2020,2,2,Bellis_perennis,21,15,1,0.8299564214322335
2020,2,2,Bellis_perennis,22,7,1,0.4146951412297536
2020,2,2,Bellis_perennis,22,9,1,0.649571311665315
2020,2,2,Bellis_perennis,22,15,1,0.6048648773301535
2020,2,2,Myosotis_lamottiana,1,0,1,0.8264459680498109
2020,2,2,Ranunculus_sp,1,10,1,0.359254684763124
2020,2,2,Ranunculus_sp,2,10,1,0.6339794827777173
2020,2,2,Ranunculus_sp,3,14,1,0.826921243535532
2020,2,2,Ranunculus_sp,6,14,1,0.5666282184082055
2020,2,2,Ranunculus_sp,7,1,1,0.6927431701371493
2020,2,2,Ranunculus_sp,7,20,1,0.5768882410357326
2020,2,2,Ranunculus_sp,10,21,1,0.447572972493055
2020,2,2,Ranunculus_sp,10,22,1,0.9964879451166406
2020,2,2,Ranunculus_sp,12,0,1,0.46185259677924256
2020,2,2,Ranunculus_sp,12,2,1,0.5487278396625019
2020,2,2,Ranunculus_sp,12,21,1,0.8875220724016831
2020,2,2,Ranunculus_sp,13,23,1,0.9473865528887695
2020,2,2,Ranunculus_sp,14,23,1,0.8368268722521833
2020,2,2,Ranunculus_sp,16,17,1,0.31236164645310927
2020,2,2,Ranunculus_sp,17,1,1,0.9298382301664944
2020,2,2,Ranunculus_sp,17,4,1,0.577119610658412
2020,2,2,Ranunculus_sp,17,18,1,0.7826234867012978
2020,2,2,Ranunculus_sp,20,15,1,0.6353333837738233
2020,2,2,Ranunculus_sp,21,21,1,0.9558757122967493
2020,2,2,Ranunculus_sp,22,4,1,0.8832139190868306
2020,2,2,Ranunculus_sp,22,14,1,0.6184197132219669
2020,2,2,Ranunculus_sp,23,9,1,0.6870250496297098
2020,2,2,Ranunculus_sp,23,11,1,0.9009175473715624
2020,2,2,Ranunculus_sp,24,12,1,0.6894295707694568
2020,2,2,Ranunculus_sp,24,13,1,0.6247854582016134
2020,3,2,Lotus_corniculatus,0,22,1,0.7346215361674792
2020,3,2,Lotus_corniculatus,1,22,1,0.8252437315160327
2020,3,2,Lotus_corniculatus,1,23,1,0.8277673563358056
2020,3,2,Lotus_corniculatus,5,16,1,0.7104998535199475
2020,3,2,Lotus_corniculatus,13,12,1,0.5356920797989158
2020,3,2,Lotus_corniculatus,14,9,1,0.81137728102321
2020,3,2,Lotus_corniculatus,14,24,1,0.7111011544610055
2020,3,2,Lotus_corniculatus,15,24,1,0.8387071763660302
2020,3,2,Lotus_corniculatus,16,3,1,0.7340774966111112
2020,3,2,Lotus_corniculatus,16,7,1,0.4252710309086857
2020,3,2,Lotus_corniculatus,17,4,1,0.5773257673806543
2020,3,2,Lotus_corniculatus,17,23,1,0.8628458567429091
2020,3,2,Lotus_corniculatus,18,2,1,0.8669140471524084
2020,3,2,Lotus_corniculatus,18,23,1,0.6692296556923764
2020,3,2,Lotus_corniculatus,20,7,1,0.6473730127684826
2020,3,2,Lotus_corniculatus,20,18,1,0.6970880710467365
2020,3,2,Lotus_corniculatus,21,14,1,0.4185414522358173
2020,3,2,Lotus_corniculatus,21,18,1,0.6302469102594037
2020,3,2,Lotus_corniculatus,22,11,1,0.860104567018103
2020,3,2,Lotus_corniculatus,22,12,1,0.6826684048651768
2020,3,2,Lotus_corniculatus,22,17,1,0.5503422595898187
2020,3,2,Lotus_corniculatus,22,19,1,0.8818671878247465
2020,3,2,Potentilla_erecta,5,13,1,0.6994310316616782
2020,3,2,Potentilla_erecta,5,14,1,0.7571848996468303
2020,3,2,Potentilla_erecta,5,16,1,0.7176246283483012
2020,3,2,Potentilla_erecta,7,13,1,0.7300457721473138
2020,3,2,Potentilla_erecta,8,13,1,0.6985187030814667
2020,3,2,Potentilla_erecta,8,14,1,0.7751045091338395
2020,3,2,Potentilla_erecta,9,5,1,0.5393990929857193
2020,3,2,Potentilla_erecta,9,14,1,0.5324837942028509
2020,3,2,Potentilla_erecta,11,7,1,0.5568140388565082
2020,3,2,Potentilla_erecta,15,17,1,0.617453677504475
2020,3,2,Potentilla_erecta,18,17,1,0.6257455112278276
2020,3,2,Potentilla_erecta,20,11,1,0.7781264626154144
2020,3,2,Potentilla_erecta,20,12,1,0.6725780379795495
2020,3,2,Potentilla_erecta,21,5,1,0.7422943757070054
2020,3,2,Potentilla_erecta,21,7,1,0.5834627144616926
2020,3,2,Potentilla_erecta,22,7,1,0.5043460206730356
2020,3,2,Potentilla_erecta,22,11,1,0.8709576947423937
2020,3,2,Potentilla_erecta,22,12,1,0.7683232806176811
2020,3,2,Potentilla_erecta,23,11,1,0.6972976770816295
2020,3,2,Potentilla_erecta,24,19,1,0.584466704711867
2020,3,2,Prunella_grandiflora,6,18,1,0.9565445274633284
2020,3,2,Prunella_grandiflora,7,17,1,0.31153682106352865
2020,3,2,Prunella_grandiflora,8,18,1,0.9016150699745189
2020,3,2,Prunella_grandiflora,16,5,1,0.27768465674449627
2020,3,2,Prunella_grandiflora,16,9,1,0.38692258291834
2020,3,2,Prunella_grandiflora,17,5,1,0.4294110384246686
2020,3,2,Prunella_grandiflora,17,6,1,0.30871721278086806
2020,3,2,Ranunculus_sp,1,21,1,0.37453613963495647
2020,3,2,Ranunculus_sp,1,22,1,0.8201502122738313
2020,4,2,Potentilla_erecta,6,19,1,0.4124712818947974
2020,4,2,Potentilla_erecta,7,19,1,0.4577020242198498
2020,4,2,Potentilla_erecta,8,7,1,0.5327995859150427
2020,4,2,Potentilla_erecta,9,0,1,0.3846170728747877
2020,4,2,Potentilla_erecta,9,1,2,0.3460875693950417
2020,4,2,Potentilla_erecta,9,7,1,0.5345287691186517
2020,4,2,Potentilla_erecta,13,7,1,0.5420295748434513
2020,4,2,Potentilla_erecta,14,4,1,0.46044135516496454
2020,4,2,Potentilla_erecta,14,7,1,0.5434939211943215
2020,4,2,Potentilla_erecta,19,0,1,0.3788267563120999
2020,4,2,Potentilla_erecta,20,0,1,0.3564049209763696
2020,4,2,Potentilla_erecta,20,8,1,0.5313940184320688
2020,4,2,Potentilla_erecta,21,8,1,0.4928835505711028
2020,4,2,Potentilla_erecta,21,9,1,0.3790636277654841
2020,4,2,Potentilla_erecta,22,4,2,0.41389796049200483
2020,4,2,Potentilla_erecta,22,9,1,0.4773654354844191
2020,4,2,Potentilla_erecta,22,11,1,0.4850512651456167
2020,5,2,Potentilla_erecta,0,11,1,0.9958708870934198
2020,5,2,Potentilla_erecta,1,17,1,0.9982186369914126
2020,5,2,Potentilla_erecta,3,11,1,0.9996702633550165
2020,5,2,Potentilla_erecta,3,12,1,0.9955545667582821
2020,5,2,Potentilla_erecta,3,14,1,0.9995668993088352
2020,5,2,Potentilla_erecta,3,15,1,0.9993353136674442
2020,5,2,Potentilla_erecta,4,11,1,0.9990857628145495
2020,5,2,Potentilla_erecta,4,15,1,0.997347166947725
2020,5,2,Potentilla_erecta,5,6,3,0.9928473598396201
2020,5,2,Potentilla_erecta,5,11,1,0.9974775558687156
2020,5,2,Potentilla_erecta,5,13,2,0.9978485483527534
2020,5,2,Potentilla_erecta,5,15,1,0.9981894612926313
2020,5,2,Potentilla_erecta,7,5,1,0.9998888759737641
2020,5,2,Potentilla_erecta,7,6,1,0.9989687551958313
2020,5,2,Potentilla_erecta,7,7,2,0.9998498506926948
2020,5,2,Potentilla_erecta,7,8,2,0.9976980809181271
2020,5,2,Potentilla_erecta,8,5,1,0.99429304659188
2020,5,2,Potentilla_erecta,8,6,1,0.9963425033384576
2020,5,2,Potentilla_erecta,8,8,2,0.9990241460971455
2020,5,2,Potentilla_erecta,8,11,1,0.9919041751350187
2020,5,2,Potentilla_erecta,8,13,1,0.9947975602869437
2020,5,2,Potentilla_erecta,8,19,1,0.9998007050166692
2020,5,2,Potentilla_erecta,9,6,2,0.9899868328804836
2020,5,2,Potentilla_erecta,9,18,1,0.9928565453982477
2020,5,2,Potentilla_erecta,10,2,1,0.9973741052486882
2020,5,2,Potentilla_erecta,11,13,1,0.9925643955374953
2020,5,2,Potentilla_erecta,12,5,2,0.9899332991799763
2020,5,2,Potentilla_erecta,13,1,1,0.9900979575382395
2020,5,2,Potentilla_erecta,13,5,1,0.990021284327096
2020,5,2,Potentilla_erecta,14,1,1,0.992288016874157
2020,5,2,Potentilla_erecta,21,2,1,0.9890179661229394
2020,5,2,Potentilla_erecta,21,3,1,0.9992584195632249
2020,5,2,Potentilla_erecta,22,2,1,0.9995516903195394
2021,1,1,Bellis_perennis,11,14,1,0.5552917386239226
2021,1,1,Bellis_perennis,15,1,1,0.664477693739992
2021,1,1,Bellis_perennis,16,7,1,0.29659229924790015
2021,1,1,Bellis_perennis,18,7,1,0.5478722135679395
2021,1,1,Bellis_perennis,18,8,1,0.6720491543342988
2021,1,1,Bellis_perennis,19,5,1,0.7567606133666246
2021,1,1,Bellis_perennis,20,5,1,0.897619414006683
2021,1,1,Bellis_perennis,20,19,1,0.8928918862503229
2021,1,1,Bellis_perennis,21,18,1,0.7864575689723488
2021,1,1,Helleborus_viridis,5,2,1,0.5872036407887903
2021,1,1,Helleborus_viridis,6,3,2,0.7842524820306755
2021,1,1,Helleborus_viridis,8,1,1,0.6473997684016662
2021,1,1,Helleborus_viridis,8,19,1,0.7423770356727818
2021,1,1,Helleborus_viridis,9,3,1,0.6918063442584436
2021,1,1,Helleborus_viridis,11,11,1,0.3252627097427724
2021,1,1,Helleborus_viridis,11,12,1,0.3641778057960756
2021,1,1,Helleborus_viridis,16,14,1,0.359133342883687
2021,1,1,Helleborus_viridis,18,6,1,0.4019339784215809
2021,1,1,Helleborus_viridis,18,9,1,0.43346692501454726
2021,1,1,Helleborus_viridis,18,23,2,0.6468293271114136
2021,1,1,Helleborus_viridis,19,1,1,0.7715635677586378
2021,1,1,Helleborus_viridis,19,8,1,0.5805394795154362
2021,1,1,Helleborus_viridis,19,15,1,0.39803192229245343
2021,1,1,Helleborus_viridis,19,22,1,0.7428047197152522
2021,1,1,Helleborus_viridis,20,1,1,0.9787793893990704
2021,1,1,Helleborus_viridis,20,2,1,0.9112161048613622
2021,1,1,Helleborus_viridis,20,14,1,0.5425148253235729
2021,1,1,Helleborus_viridis,21,1,1,0.8326268043690468
2021,1,1,Helleborus_viridis,22,11,1,0.6121504025721458
2021,1,1,Helleborus_viridis,22,12,1,0.36727750594459313
2021,1,1,Helleborus_viridis,22,19,2,0.6488943995023028
2021,1,1,Helleborus_viridis,22,22,1,0.8089016196853257
2021,1,1,Helleborus_viridis,23,22,1,0.9033685635759798
2021,1,1,Helleborus_viridis,24,22,1,0.8406747888103638
2021,1,1,Taraxacum_sp,1,11,1,0.20161112056470268
2021,1,1,Taraxacum_sp,1,19,1,0.39783488876711637
2021,1,1,Taraxacum_sp,2,2,1,0.3928321855937338
2021,1,1,Taraxacum_sp,2,11,1,0.19950635382732723
2021,1,1,Taraxacum_sp,2,19,1,0.49911696867783717
2021,1,1,Taraxacum_sp,3,12,1,0.3370766515135672
2021,1,1,Taraxacum_sp,4,1,1,0.5859173053355354
2021,1,1,Taraxacum_sp,4,19,1,0.46570519877110483
2021,1,1,Taraxacum_sp,5,11,1,0.4410118517300992
2021,1,1,Taraxacum_sp,6,1,1,0.6392385018103401
2021,1,1,Taraxacum_sp,6,5,1,0.522364408417411
2021,1,1,Taraxacum_sp,7,1,1,0.6014600061871113
2021,1,1,Taraxacum_sp,7,5,1,0.4002777706539631
2021,1,1,Taraxacum_sp,8,1,1,0.454846807546099
2021,1,1,Taraxacum_sp,8,4,1,0.4541861893677255
2021,1,1,Taraxacum_sp,8,5,1,0.4552994805843277
2021,1,1,Taraxacum_sp,8,15,1,0.37417934123452523
2021,1,1,Taraxacum_sp,9,2,1,0.3922810696846461
2021,1,1,Taraxacum_sp,9,3,1,0.43334357871000917
2021,1,1,Taraxacum_sp,9,5,2,0.5606672417383962
2021,1,1,Taraxacum_sp,9,6,1,0.5447813704265793
2021,1,1,Taraxacum_sp,10,1,2,0.3814920523022661
2021,1,1,Taraxacum_sp,10,3,2,0.5519087704093754
2021,1,1,Taraxacum_sp,10,4,2,0.6617715011041353
2021,1,1,Taraxacum_sp,10,5,2,0.4546737875404122
2021,1,1,Taraxacum_sp,10,7,2,0.3186633713236497
2021,1,1,Taraxacum_sp,10,12,1,0.3944128982762846
2021,1,1,Taraxacum_sp,10,13,1,0.4199955578381241
2021,1,1,Taraxacum_sp,11,3,1,0.4050554334681501
2021,1,1,Taraxacum_sp,11,4,2,0.5657281869321319
2021,1,1,Taraxacum_sp,12,1,1,0.4627517524326628
2021,1,1,Taraxacum_sp,12,4,1,0.6963536806753517
2021,1,1,Taraxacum_sp,12,5,1,0.3305906566888721
2021,1,1,Taraxacum_sp,12,19,1,0.5040890693484912
2021,1,1,Taraxacum_sp,13,1,1,0.4602197277901429
2021,1,1,Taraxacum_sp,13,2,1,0.6612836129187105
2021,1,1,Taraxacum_sp,13,5,1,0.4768644706316091
2021,1,1,Taraxacum_sp,14,14,2,0.3439230653029588
2021,1,1,Taraxacum_sp,14,19,1,0.7388933795832151
2021,1,1,Taraxacum_sp,15,1,1,0.6063096475140034
2021,1,1,Taraxacum_sp,15,12,2,0.6512886324356124
2021,1,1,Taraxacum_sp,16,5,1,0.6408695416109746
2021,1,1,Taraxacum_sp,16,12,1,0.5625751643728676
2021,1,1,Taraxacum_sp,16,13,1,0.588566493741339
2021,1,1,Taraxacum_sp,16,19,1,0.8746435712837433
2021,1,1,Taraxacum_sp,17,2,1,0.5339431360647562
2021,1,1,Taraxacum_sp,17,4,1,0.5734087828013517
2021,1,1,Taraxacum_sp,17,12,1,0.7278247349930057
2021,1,1,Taraxacum_sp,17,13,1,0.5965528604049245
2021,1,1,Taraxacum_sp,17,21,1,0.7749863180405345
2021,1,1,Taraxacum_sp,18,1,1,0.4260548178844197
2021,1,1,Taraxacum_sp,18,2,1,0.5525718602114562
2021,1,1,Taraxacum_sp,18,3,1,0.6390069450638562
2021,1,1,Taraxacum_sp,18,4,1,0.7917094606869677
2021,1,1,Taraxacum_sp,18,5,1,0.6966751022522158
2021,1,1,Taraxacum_sp,18,7,1,0.46565486108247717
2021,1,1,Taraxacum_sp,18,9,1,0.6652409004202843
2021,1,1,Taraxacum_sp,18,11,1,0.6851159666420944
2021,1,1,Taraxacum_sp,18,12,1,0.5922860277244064
2021,1,1,Taraxacum_sp,19,1,1,0.7533104790806701
2021,1,1,Taraxacum_sp,19,3,2,0.5599669474301782
2021,1,1,Taraxacum_sp,19,4,1,0.5978818450705591
2021,1,1,Taraxacum_sp,19,5,2,0.7567183478682804
2021,1,1,Taraxacum_sp,19,16,1,0.6456980110707683
2021,1,1,Taraxacum_sp,19,21,1,0.7061721628876425
2021,1,1,Taraxacum_sp,20,1,1,0.8347037959223186
2021,1,1,Taraxacum_sp,20,2,1,0.821457729746485
2021,1,1,Taraxacum_sp,20,3,3,0.6525516418694061
2021,1,1,Taraxacum_sp,20,4,1,0.8217719895471142
2021,1,1,Taraxacum_sp,20,5,2,0.8929041995272249
2021,1,1,Taraxacum_sp,20,6,1,0.555820271523745
2021,1,1,Taraxacum_sp,20,7,1,0.5448281999644703
2021,1,1,Taraxacum_sp,20,9,1,0.5901898289249671
2021,1,1,Taraxacum_sp,20,21,1,0.6908129564429536
2021,1,1,Taraxacum_sp,20,22,1,0.7072966607225444
2021,1,1,Taraxacum_sp,21,2,1,0.9272461708162328
2021,1,1,Taraxacum_sp,21,3,1,0.5713874062485184
2021,1,1,Taraxacum_sp,21,8,1,0.5973396572018523
2021,1,1,Taraxacum_sp,21,9,1,0.5109807423604095
2021,1,1,Taraxacum_sp,22,1,3,0.789704716232702
2021,1,1,Taraxacum_sp,22,2,1,0.7755370106636756
2021,1,1,Taraxacum_sp,22,3,1,0.7160937681714107
2021,1,1,Taraxacum_sp,22,4,1,0.7739714409452609
2021,1,1,Taraxacum_sp,22,8,1,0.4344560379821604
2021,1,1,Taraxacum_sp,23,1,2,0.762151080291014
2021,1,1,Taraxacum_sp,23,2,2,0.8628734003983618
2021,1,1,Taraxacum_sp,23,3,2,0.8211627027421865
2021,1,1,Taraxacum_sp,23,4,1,0.655213938072201
2021,1,1,Taraxacum_sp,23,18,1,0.5728966311508662
2021,1,1,Taraxacum_sp,23,19,2,0.8666344110907392
2021,1,1,Taraxacum_sp,23,22,1,0.8750218605125317
2021,1,1,Taraxacum_sp,23,23,1,0.8435452412446505
2021,1,1,Taraxacum_sp,24,2,1,0.7159666592290224
2021,1,1,Taraxacum_sp,24,4,1,0.4672979390985149
2021,1,1,Taraxacum_sp,24,7,1,0.6084429785769239
2021,1,1,Taraxacum_sp,24,19,1,0.76688898641496
2021,1,1,Taraxacum_sp,24,22,1,0.9065937660118218
2021,1,1,Viola_riviniana,2,1,1,0.539518348826827
2021,1,1,Viola_riviniana,2,7,1,0.4903957447766001
2021,1,1,Viola_riviniana,2,8,1,0.43976109787574313
2021,1,1,Viola_riviniana,3,1,1,0.7411982597521921
2021,1,1,Viola_riviniana,4,2,1,0.6731504526127978
2021,1,1,Viola_riviniana,5,2,1,0.6644915868474514
2021,1,1,Viola_riviniana,5,7,1,0.5696970390939959
2021,1,1,Viola_riviniana,7,1,1,0.7356187728502045
2021,1,1,Viola_riviniana,7,3,1,0.43265965267016115
2021,1,1,Viola_riviniana,9,4,1,0.8277076178940748
2021,1,1,Viola_riviniana,23,19,1,0.9737424206351211
2021,1,2,Bellis_perennis,0,1,1,0.6897025942548597
2021,1,2,Bellis_perennis,2,1,1,0.7572742814749195
2021,1,2,Bellis_perennis,4,1,1,0.867415283330236
2021,1,2,Bellis_perennis,4,2,1,0.5676471009660308
2021,1,2,Bellis_perennis,4,8,1,0.3212842252977597
2021,1,2,Bellis_perennis,5,8,1,0.4485900923441827
2021,1,2,Bellis_perennis,5,9,1,0.5624944329213597
2021,1,2,Bellis_perennis,6,6,1,0.42463064923459826
2021,1,2,Bellis_perennis,7,5,1,0.355663194548269
2021,1,2,Bellis_perennis,7,6,1,0.5662175389579789
2021,1,2,Bellis_perennis,8,13,1,0.6034746629347626
2021,1,2,Bellis_perennis,9,16,1,0.5713224450092805
2021,1,2,Bellis_perennis,9,17,1,0.6109173437371539
2021,1,2,Bellis_perennis,10,3,1,0.5429175572258657
2021,1,2,Bellis_perennis,10,8,1,0.29474612374726267
2021,1,2,Bellis_perennis,10,18,1,0.7835868049185827
2021,1,2,Bellis_perennis,11,2,1,0.4371343507729364
2021,1,2,Bellis_perennis,11,3,1,0.8132807400872842
2021,1,2,Bellis_perennis,11,7,1,0.6114543183529179
2021,1,2,Bellis_perennis,12,2,1,0.6390639302615866
2021,1,2,Bellis_perennis,12,6,1,0.6267948613880047
2021,1,2,Bellis_perennis,12,8,1,0.3211385199146563
2021,1,2,Bellis_perennis,13,2,1,0.6874705004943641
2021,1,2,Bellis_perennis,13,5,1,0.7926337609938161
2021,1,2,Bellis_perennis,14,14,1,0.6789751224396452
2021,1,2,Bellis_perennis,15,1,1,0.7785225498475994
2021,1,2,Bellis_perennis,15,2,1,0.13712299213893606
2021,1,2,Bellis_perennis,15,5,1,0.7839241592909786
2021,1,2,Bellis_perennis,15,14,1,0.8026975602341638
2021,1,2,Bellis_perennis,15,15,1,0.5735563825356589
2021,1,2,Bellis_perennis,15,16,1,0.7079347891010398
2021,1,2,Bellis_perennis,16,4,1,0.33191803034258566
2021,1,2,Bellis_perennis,16,7,1,0.6108062042826661
2021,1,2,Bellis_perennis,16,9,1,0.5322637012349456
2021,1,2,Bellis_perennis,16,14,1,0.5630276324945974
2021,1,2,Bellis_perennis,17,6,1,0.5691460221267799
2021,1,2,Bellis_perennis,17,8,1,0.15809374116120795
2021,1,2,Bellis_perennis,17,9,1,0.6279770850228984
2021,1,2,Bellis_perennis,17,12,1,0.7462418969564436
2021,1,2,Bellis_perennis,17,15,1,0.5473325770855763
2021,1,2,Bellis_perennis,18,1,1,0.7255968938816686
2021,1,2,Bellis_perennis,18,2,1,0.7736090868837029
2021,1,2,Bellis_perennis,18,7,1,0.8673298289742328
2021,1,2,Bellis_perennis,18,9,1,0.7882657812997764
2021,1,2,Bellis_perennis,18,18,1,0.4225158660329012
2021,1,2,Bellis_perennis,19,1,1,0.7439212342166243
2021,1,2,Bellis_perennis,19,6,1,0.7258732778287026
2021,1,2,Bellis_perennis,20,1,2,0.9581208973467954
2021,1,2,Bellis_perennis,20,11,1,0.6134012553246867
2021,1,2,Bellis_perennis,20,14,1,0.6816484979340213
2021,1,2,Bellis_perennis,20,15,1,0.2846506711219035
2021,1,2,Bellis_perennis,20,16,3,0.5938924686058678
2021,1,2,Bellis_perennis,20,17,1,0.7459192617153682
2021,1,2,Bellis_perennis,21,1,1,0.7532302892788136
2021,1,2,Bellis_perennis,21,6,1,0.4256818510230861
2021,1,2,Bellis_perennis,21,12,1,0.4408447217168985
2021,1,2,Bellis_perennis,21,15,1,0.41262342496933774
2021,1,2,Bellis_perennis,21,16,2,0.47901681414210623
2021,1,2,Bellis_perennis,21,17,1,0.7652384947416226
2021,1,2,Bellis_perennis,22,3,1,0.8080346444991476
2021,1,2,Bellis_perennis,22,4,2,0.7131655938514629
2021,1,2,Bellis_perennis,23,1,1,0.6372897018815188
2021,1,2,Bellis_perennis,23,2,1,0.6623028810964118
2021,1,2,Bellis_perennis,23,6,1,0.5480037969808386
2021,1,2,Hutchinsia_alpina,13,2,1,0.6894164349414058
2021,1,2,Hutchinsia_alpina,14,9,1,0.7808988493779822
2021,1,2,Polygala_vulgaris,6,13,1,0.16854419399431705
2021,1,2,Ranunculus_repens,9,3,1,0.5741808595982326
2021,1,2,Ranunculus_repens,11,3,2,0.8854693037100806
2021,1,2,Ranunculus_repens,12,3,1,0.055812379317805444
2021,1,2,Ranunculus_repens,20,6,1,0.6024629484933881
2021,1,2,Ranunculus_repens,21,3,1,0.8984667787130567
2021,1,2,Ranunculus_repens,21,4,1,0.8843920841986175
2021,1,2,Ranunculus_repens,22,3,1,0.8506240471710316
2021,1,2,Ranunculus_repens,22,4,2,0.7266801392279084
2021,1,2,Ranunculus_repens,22,5,1,0.7633870839713611
2021,1,2,Ranunculus_repens,22,6,1,0.9148850928557477
2021,1,2,Ranunculus_repens,23,2,1,0.3145344338694181
2021,1,2,Taraxacum_sp,1,1,1,0.8203472376418947
2021,1,2,Taraxacum_sp,1,9,1,0.293065345775008
2021,1,2,Taraxacum_sp,3,7,1,0.9211886966100014
2021,1,2,Taraxacum_sp,4,8,1,0.5180662746308282
2021,1,2,Taraxacum_sp,4,13,1,0.4767546800266117
2021,1,2,Taraxacum_sp,6,1,1,0.4356273141943717
2021,1,2,Taraxacum_sp,7,8,1,0.49294373308712447
2021,1,2,Taraxacum_sp,8,13,1,0.6367161429571201
2021,1,2,Taraxacum_sp,9,8,2,0.8551976643179064
2021,1,2,Taraxacum_sp,9,17,1,0.3859218853651319
2021,1,2,Taraxacum_sp,10,7,1,0.7564487034424295
2021,1,2,Taraxacum_sp,10,18,1,0.6809392986158984
2021,1,2,Taraxacum_sp,11,17,1,0.9338559388695634
2021,1,2,Taraxacum_sp,11,18,1,0.7807352212756404
2021,1,2,Taraxacum_sp,13,6,1,0.8987416120851209
2021,1,2,Taraxacum_sp,14,6,1,0.7883266033948699
2021,1,2,Taraxacum_sp,14,7,1,0.7408053989815139
2021,1,2,Taraxacum_sp,14,16,1,0.7167724152619454
2021,1,2,Taraxacum_sp,15,7,1,0.8028841651194795
2021,1,2,Taraxacum_sp,15,17,1,0.5522902790211878
2021,1,2,Taraxacum_sp,15,18,1,0.8075311794666585
2021,1,2,Taraxacum_sp,16,7,1,0.9095232901164843
2021,1,2,Taraxacum_sp,16,8,1,0.6355820361099835
2021,1,2,Taraxacum_sp,16,9,1,0.8267813200558501
2021,1,2,Taraxacum_sp,16,14,1,0.3234845365316891
2021,1,2,Taraxacum_sp,16,16,1,0.6840024314866647
2021,1,2,Taraxacum_sp,16,17,1,0.603561682678106
2021,1,2,Taraxacum_sp,16,18,1,0.7070607475418257
2021,1,2,Taraxacum_sp,17,1,1,0.9016810721973206
2021,1,2,Taraxacum_sp,17,9,1,0.7969117459698877
2021,1,2,Taraxacum_sp,17,15,1,0.7150135558181171
2021,1,2,Taraxacum_sp,17,18,1,0.7930937853375628
2021,1,2,Taraxacum_sp,18,8,1,0.5493373411303689
2021,1,2,Taraxacum_sp,18,9,1,0.7467251556489372
2021,1,2,Taraxacum_sp,18,17,1,0.755508464136317
2021,1,2,Taraxacum_sp,18,18,1,0.7477198240035614
2021,1,2,Taraxacum_sp,19,15,1,0.7253928202096703
2021,1,2,Taraxacum_sp,19,16,1,0.7925023934667428
2021,1,2,Taraxacum_sp,20,15,1,0.3807758969188146
2021,1,2,Taraxacum_sp,20,16,1,0.5951382627320382
2021,1,2,Taraxacum_sp,20,17,1,0.6259067941171813
2021,1,2,Taraxacum_sp,21,1,1,0.8799838367904651
2021,1,2,Taraxacum_sp,22,2,1,0.7494214361382152
2021,1,2,Taraxacum_sp,22,3,1,0.8630352163307998
2021,1,2,Taraxacum_sp,22,8,1,0.3960052887582199
2021,1,2,Taraxacum_sp,22,16,1,0.5466385871464106
2021,1,2,Taraxacum_sp,22,17,1,0.3886279250546864
2021,1,2,Taraxacum_sp,23,8,1,0.7449540670448104
2021,1,2,Taraxacum_sp,23,16,1,0.599506745428597
2021,1,2,Taraxacum_sp,23,17,2,0.7874463302324611
2021,1,2,Taraxacum_sp,23,18,1,0.603097608176507
2021,1,2,Vicia_pyrenaica,6,14,1,0.4199011066342018
2021,1,2,Vicia_pyrenaica,7,1,1,0.48108716362983206
2021,1,2,Vicia_pyrenaica,7,2,1,0.2525871013581633
2021,1,2,Vicia_pyrenaica,7,14,2,0.5102468220263909
2021,1,2,Vicia_pyrenaica,8,2,1,0.3248843414961207
2021,1,2,Vicia_pyrenaica,11,16,1,0.9765273911817279
2021,1,2,Vicia_pyrenaica,11,17,1,0.9190795659541307
2021,1,2,Vicia_pyrenaica,12,1,1,0.41271283923425267
2021,1,2,Vicia_pyrenaica,12,6,1,0.6839412287420785
2021,1,2,Vicia_pyrenaica,12,7,1,0.5877122927393837
2021,1,2,Vicia_pyrenaica,12,8,1,0.3329642021930886
2021,1,2,Vicia_pyrenaica,12,18,1,0.334203232623273
2021,1,2,Vicia_pyrenaica,13,2,1,0.6662018524655491
2021,1,2,Vicia_pyrenaica,13,12,1,0.27092762293695205
2021,1,2,Vicia_pyrenaica,14,1,1,0.9054544349632828
2021,1,2,Vicia_pyrenaica,14,2,1,0.2768519417499981
2021,1,2,Vicia_pyrenaica,14,9,1,0.7598620948337188
2021,1,2,Vicia_pyrenaica,15,1,1,0.7831082579620187
2021,1,2,Vicia_pyrenaica,15,9,1,0.4295097842810507
2021,1,2,Vicia_pyrenaica,15,12,1,0.17541813290867483
2021,1,2,Vicia_pyrenaica,16,9,1,0.5647962693909938
2021,1,2,Vicia_pyrenaica,17,11,1,0.617925266379644
2021,1,2,Vicia_pyrenaica,19,8,1,0.5072134888571797
2021,1,3,Bellis_perennis,7,24,1,0.5748739073116584
2021,1,3,Bellis_perennis,19,12,1,0.6367429347414928
2021,1,3,Lotus_corniculatus,11,14,1,0.8925761189282411
2021,1,3,Lotus_corniculatus,12,14,1,0.9622564311000287
2021,1,3,Lotus_corniculatus,23,14,1,0.22179639078898228
2021,1,3,Ranunculus_repens,4,24,1,0.3822714289794726
2021,1,3,Ranunculus_repens,7,24,1,0.5727319479593317
2021,1,3,Ranunculus_repens,8,24,1,0.4666071906405258
2021,1,3,Vicia_pyrenaica,14,1,1,0.4612341131604529
2021,1,3,Vicia_pyrenaica,15,24,1,0.07868699972184601
2021,1,3,Vicia_pyrenaica,16,16,1,0.21248866455285337
2021,1,3,Vicia_pyrenaica,18,22,1,0.3998697618756469
2021,1,3,Vicia_pyrenaica,19,22,1,0.6824345468853071
2021,1,3,Vicia_pyrenaica,20,22,1,0.6715910743002617
2021,2,1,Bellis_perennis,5,16,1,0.496815519220967
2021,2,1,Bellis_perennis,7,17,1,0.49285758749729763
2021,2,1,Bellis_perennis,8,7,1,0.9174375338633314
2021,2,1,Bellis_perennis,8,8,1,0.8227231148909633
2021,2,1,Bellis_perennis,9,9,1,0.926103616289552
2021,2,1,Bellis_perennis,11,6,1,0.33060856513774795
2021,2,1,Bellis_perennis,12,1,1,0.6207380411596863
2021,2,1,Bellis_perennis,12,6,1,0.3741190007364951
2021,2,1,Bellis_perennis,12,13,2,0.5468892772878614
2021,2,1,Bellis_perennis,13,11,1,0.8054299331457779
2021,2,1,Bellis_perennis,13,15,1,0.34306460184071647
2021,2,1,Bellis_perennis,14,3,1,0.467010414441293
2021,2,1,Bellis_perennis,14,13,1,0.8850971173834616
2021,2,1,Bellis_perennis,14,15,1,0.2796922778475078
2021,2,1,Bellis_perennis,14,16,1,0.509433817983751
2021,2,1,Bellis_perennis,15,9,1,0.8162642545074882
2021,2,1,Bellis_perennis,17,6,1,0.6439657807384854
2021,2,1,Bellis_perennis,17,16,1,0.47270728983924526
2021,2,1,Bellis_perennis,18,16,1,0.4227971415716933
2021,2,1,Bellis_perennis,18,17,1,0.48942335506410495
2021,2,1,Bellis_perennis,20,18,1,0.44097386148468437
2021,2,1,Bellis_perennis,22,12,1,0.46822294990723573
2021,2,1,Bellis_perennis,22,14,1,0.7250391837541187
2021,2,1,Bellis_perennis,23,12,1,0.6456758531311121
2021,2,1,Bellis_perennis,23,17,1,0.6204751315465618
2021,2,1,Helleborus_viridis,17,19,1,0.6416791318732916
2021,2,1,Helleborus_viridis,18,24,2,0.742322978811849
2021,2,1,Helleborus_viridis,19,23,1,0.8825118188236677
2021,2,1,Helleborus_viridis,20,24,1,0.8210679629972083
2021,2,1,Helleborus_viridis,23,2,2,0.9677646086273596
2021,2,1,Helleborus_viridis,24,9,1,0.9409892655331653
2021,2,1,Potentilla_sterilis,0,1,1,0.6930496688462816
2021,2,1,Potentilla_sterilis,0,9,1,0.456686715709246
2021,2,1,Potentilla_sterilis,0,13,1,0.5550926702423377
2021,2,1,Potentilla_sterilis,0,15,1,0.5827609420383267
2021,2,1,Potentilla_sterilis,1,11,1,0.4000086128459073
2021,2,1,Potentilla_sterilis,1,13,1,0.7121771016295432
2021,2,1,Potentilla_sterilis,4,5,1,0.45604815407192445
2021,2,1,Potentilla_sterilis,5,3,1,0.5400089356790283
2021,2,1,Potentilla_sterilis,5,16,1,0.36048806940239325
2021,2,1,Potentilla_sterilis,6,2,1,0.4303137609112231
2021,2,1,Potentilla_sterilis,7,17,1,0.5814504216580064
2021,2,1,Potentilla_sterilis,8,8,1,0.8751605640423807
2021,2,1,Potentilla_sterilis,9,2,1,0.5871769716904922
2021,2,1,Potentilla_sterilis,12,8,1,0.48785715600146623
2021,2,1,Potentilla_sterilis,12,22,1,0.7063285290401811
2021,2,1,Potentilla_sterilis,16,9,1,0.8752741756279699
2021,2,1,Potentilla_sterilis,21,5,1,0.48533811712637565
2021,2,1,Potentilla_sterilis,23,3,1,0.531277704488393
2021,2,1,Taraxacum_sp,0,9,1,0.36481171464976214
2021,2,1,Taraxacum_sp,0,16,1,0.3252127659198234
2021,2,1,Taraxacum_sp,1,14,1,0.6705843006690925
2021,2,1,Taraxacum_sp,2,1,1,0.8128163019088059
2021,2,1,Taraxacum_sp,2,7,2,0.6915610879464914
2021,2,1,Taraxacum_sp,2,8,1,0.6461838542459262
2021,2,1,Taraxacum_sp,2,14,1,0.9033465557378465
2021,2,1,Taraxacum_sp,3,12,1,0.9301807059496006
2021,2,1,Taraxacum_sp,3,13,1,0.5494588045800205
2021,2,1,Taraxacum_sp,3,14,1,0.9638259339404335
2021,2,1,Taraxacum_sp,4,1,1,0.487245863312384
2021,2,1,Taraxacum_sp,4,17,1,0.46610584804010746
2021,2,1,Taraxacum_sp,5,1,1,0.5327325442175669
2021,2,1,Taraxacum_sp,5,7,1,0.4050698006563954
2021,2,1,Taraxacum_sp,5,9,1,0.3536646679841061
2021,2,1,Taraxacum_sp,5,16,1,0.31385653463126223
2021,2,1,Taraxacum_sp,6,1,1,0.7627660832688039
2021,2,1,Taraxacum_sp,6,7,1,0.559000220715969
2021,2,1,Taraxacum_sp,7,8,1,0.859981650252063
2021,2,1,Taraxacum_sp,8,11,2,0.3977301623032074
2021,2,1,Taraxacum_sp,8,13,1,0.9071396404390698
2021,2,1,Taraxacum_sp,9,9,1,0.9111020338500879
2021,2,1,Taraxacum_sp,9,11,1,0.6183929565840528
2021,2,1,Taraxacum_sp,9,13,1,0.5101273348713563
2021,2,1,Taraxacum_sp,11,12,1,0.7081754736211517
2021,2,1,Taraxacum_sp,11,13,1,0.35830311728427855
2021,2,1,Taraxacum_sp,12,11,1,0.49162980948069834
2021,2,1,Taraxacum_sp,12,13,1,0.5244665939701258
2021,2,1,Taraxacum_sp,12,18,1,0.25657837333822525
2021,2,1,Taraxacum_sp,13,7,1,0.8859187791355482
2021,2,1,Taraxacum_sp,13,13,1,0.649256575509344
2021,2,1,Taraxacum_sp,13,14,1,0.5147379511567598
2021,2,1,Taraxacum_sp,14,11,1,0.7746054626677294
2021,2,1,Taraxacum_sp,14,13,1,0.8502266638057214
2021,2,1,Taraxacum_sp,14,14,1,0.4737058254403353
2021,2,1,Taraxacum_sp,14,15,1,0.2733327441680437
2021,2,1,Taraxacum_sp,15,4,1,0.25331397748635315
2021,2,1,Taraxacum_sp,15,9,1,0.8745315825236848
2021,2,1,Taraxacum_sp,15,13,1,0.4812486152533317
2021,2,1,Taraxacum_sp,15,14,1,0.5217463017264801
2021,2,1,Taraxacum_sp,16,6,1,0.27783620588321933
2021,2,1,Taraxacum_sp,16,13,1,0.5811775530935199
2021,2,1,Taraxacum_sp,16,14,1,0.7417236754303753
2021,2,1,Taraxacum_sp,16,18,1,0.397089692175084
2021,2,1,Taraxacum_sp,17,11,1,0.5893407458527969
2021,2,1,Taraxacum_sp,17,12,1,0.9083156964250768
2021,2,1,Taraxacum_sp,17,13,1,0.676091901962428
2021,2,1,Taraxacum_sp,17,14,1,0.728903804111883
2021,2,1,Taraxacum_sp,17,19,1,0.3091120650088329
2021,2,1,Taraxacum_sp,18,14,1,0.9478885421646221
2021,2,1,Taraxacum_sp,18,19,1,0.29141749922695714
2021,2,1,Taraxacum_sp,21,19,1,0.3773359634468305
2021,2,1,Taraxacum_sp,23,14,1,0.8363139001640563
2021,2,2,Bellis_perennis,0,4,1,0.8101987777442992
2021,2,2,Bellis_perennis,1,4,1,0.8048096748477606
2021,2,2,Bellis_perennis,1,7,1,0.6913230896131357
2021,2,2,Bellis_perennis,6,1,1,0.7372792057104013
2021,2,2,Bellis_perennis,6,4,2,0.8399426933282794
2021,2,2,Bellis_perennis,6,5,1,0.3391607941358245
2021,2,2,Bellis_perennis,6,6,1,0.8612424233220226
2021,2,2,Bellis_perennis,6,7,1,0.4627876866446441
2021,2,2,Bellis_perennis,7,2,1,0.8187770010189075
2021,2,2,Bellis_perennis,7,4,2,0.6697190238757811
2021,2,2,Bellis_perennis,7,6,1,0.7938290325704882
2021,2,2,Bellis_perennis,7,7,2,0.5959303260667349
2021,2,2,Bellis_perennis,8,2,1,0.8222958660996474
2021,2,2,Bellis_perennis,8,3,1,0.8395560430904345
2021,2,2,Bellis_perennis,8,4,1,0.8719919213996159
2021,2,2,Bellis_perennis,8,7,1,0.6915974796078491
2021,2,2,Bellis_perennis,9,4,1,0.7552905581659475
2021,2,2,Bellis_perennis,10,5,1,0.4844221192217893
2021,2,2,Bellis_perennis,11,6,1,0.7151314430182681
2021,2,2,Bellis_perennis,12,6,1,0.6330448619704004
2021,2,2,Bellis_perennis,13,5,1,0.3811558090488013
2021,2,2,Bellis_perennis,15,7,1,0.519775451604487
2021,2,2,Bellis_perennis,16,2,1,0.7862844442675493
2021,2,2,Bellis_perennis,18,5,1,0.8352522803721262
2021,2,2,Bellis_perennis,18,6,2,0.7023905024222346
2021,2,2,Bellis_perennis,19,6,2,0.8546482111576486
2021,2,2,Bellis_perennis,20,7,1,0.6333272294660891
2021,2,2,Bellis_perennis,22,7,1,0.4146951412297536
2021,2,2,Ranunculus_repens,5,6,1,0.38275692643480014
2021,2,2,Ranunculus_repens,21,7,1,0.6541435054769912
2021,2,2,Taraxacum_sp,2,1,1,0.2627925526717333
2021,2,2,Taraxacum_sp,3,1,1,0.4481995030594795
2021,2,2,Taraxacum_sp,4,16,1,0.48081755240122925
2021,2,2,Taraxacum_sp,5,6,1,0.45693045762311457
2021,2,2,Taraxacum_sp,6,2,2,0.9892921045126423
2021,2,2,Taraxacum_sp,6,4,1,0.8050760590836508
2021,2,2,Taraxacum_sp,7,2,1,0.924831674467776
2021,2,2,Taraxacum_sp,7,5,1,0.9071320009679448
2021,2,2,Taraxacum_sp,7,6,1,0.6614079321114843
2021,2,2,Taraxacum_sp,8,1,1,0.6546916675740634
2021,2,2,Taraxacum_sp,8,5,1,0.562023238210352
2021,2,2,Taraxacum_sp,8,6,1,0.33372637378147757
2021,2,2,Taraxacum_sp,9,1,1,0.2700014742444696
2021,2,2,Taraxacum_sp,9,4,1,0.6440527931881315
2021,2,2,Taraxacum_sp,9,5,1,0.37345532735461157
2021,2,2,Taraxacum_sp,9,6,1,0.2155390850984837
2021,2,2,Taraxacum_sp,10,3,1,0.5278095195700349
2021,2,2,Taraxacum_sp,10,5,1,0.6996731892512225
2021,2,2,Taraxacum_sp,11,5,1,0.8517526369805742
2021,2,2,Taraxacum_sp,12,4,1,0.44656789595998786
2021,2,2,Taraxacum_sp,13,3,1,0.45277791683409085
2021,2,2,Taraxacum_sp,13,4,1,0.5225054163602214
2021,2,2,Taraxacum_sp,14,4,2,0.5627608311152423
2021,2,2,Taraxacum_sp,14,5,2,0.3602229009874035
2021,2,2,Taraxacum_sp,15,15,1,0.3344907544979194
2021,2,2,Taraxacum_sp,16,2,1,0.6934989202521818
2021,2,2,Taraxacum_sp,16,5,1,0.7650018447167075
2021,2,2,Taraxacum_sp,16,6,1,0.3603040628869895
2021,2,2,Taraxacum_sp,17,1,1,0.3243027966541311
2021,2,2,Taraxacum_sp,18,3,1,0.5197758866141595
2021,2,2,Taraxacum_sp,18,4,1,0.1756485102525326
2021,2,2,Taraxacum_sp,19,4,1,0.8087964266986641
2021,2,2,Taraxacum_sp,20,2,1,0.16746683487933597
2021,2,2,Taraxacum_sp,21,6,1,0.8405073305151672
2021,2,2,Taraxacum_sp,22,4,1,0.6135281316801041
2021,2,2,Vicia_pyrenaica,2,16,1,0.8759812145926337
2021,2,3,Ajuga_reptans,13,21,1,0.801708349723711
2021,2,3,Ajuga_reptans,13,22,1,0.7056398128166342
2021,2,3,Ajuga_reptans,14,23,1,0.930991276427339
2021,2,3,Ajuga_reptans,16,2,1,0.16159474442380758
2021,2,3,Ajuga_reptans,17,2,1,0.1838474224544765
2021,2,3,Bellis_perennis,0,24,1,0.49273928989454435
2021,2,3,Bellis_perennis,1,21,1,0.6019485975605737
2021,2,3,Bellis_perennis,1,22,2,0.9056878386761202
2021,2,3,Bellis_perennis,1,24,1,0.8056248506001196
2021,2,3,Bellis_perennis,3,23,1,0.7039549621202933
2021,2,3,Bellis_perennis,8,21,1,0.5539157737067771
2021,2,3,Hutchinsia_alpina,4,22,1,0.6078894843542454
2021,2,3,Hutchinsia_alpina,5,23,1,0.944343253849934
2021,2,3,Hutchinsia_alpina,6,23,1,0.8925131103167763
2021,2,3,Hutchinsia_alpina,8,21,1,0.47338791936684477
2021,2,3,Hutchinsia_alpina,8,23,1,0.8008237659253318
2021,2,3,Hutchinsia_alpina,10,23,1,0.977040484656264
2021,2,3,Hutchinsia_alpina,11,23,1,0.9535826105116745
2021,2,3,Myosotis_lamottiana,12,22,1,0.8417614231731823
2021,2,3,Myosotis_lamottiana,12,23,1,0.8876797501098164
2021,2,3,Myosotis_lamottiana,13,23,2,0.9560912523719719
2021,2,3,Myosotis_lamottiana,14,22,3,0.7496943925228358
2021,2,3,Myosotis_lamottiana,14,23,3,0.9436047095771358
2021,2,3,Myosotis_lamottiana,15,23,1,0.2615731771752834
2021,2,3,Myosotis_lamottiana,16,22,1,0.8302744352119639
2021,2,3,Myosotis_lamottiana,17,23,1,0.8404075282389312
2021,2,3,Myosotis_lamottiana,18,23,1,0.9126530249286487
2021,2,3,Myosotis_lamottiana,21,23,1,0.5344786028369162
2021,2,3,Myosotis_lamottiana,22,23,1,0.5838669580674918
2021,2,3,Ranunculus_repens,1,21,1,0.5384291249090013
2021,2,3,Ranunculus_repens,10,24,1,0.04420915219591635
2021,2,3,Ranunculus_repens,11,24,1,0.08974386512028212
2021,2,3,Ranunculus_repens,12,23,1,0.866604273986921
2021,2,3,Ranunculus_repens,13,23,1,0.9572937645838733
2021,2,3,Ranunculus_repens,14,23,1,0.9435194928851355
2021,2,3,Ranunculus_repens,14,24,1,0.11294209282783385
2021,2,3,Ranunculus_repens,15,24,1,0.29550928103614127
2021,2,3,Vicia_pyrenaica,0,2,1,0.1849396374983858
2021,2,3,Vicia_pyrenaica,1,2,1,0.4252076936726365
2021,2,3,Vicia_pyrenaica,1,22,2,0.8217338864194145
2021,2,3,Vicia_pyrenaica,2,2,1,0.318098556990477
2021,2,3,Vicia_pyrenaica,2,22,2,0.30642290867908295
2021,2,3,Vicia_pyrenaica,3,2,1,0.4477270303636496
2021,2,3,Vicia_pyrenaica,3,21,1,0.3342769885541156
2021,2,3,Vicia_pyrenaica,3,23,1,0.6022638704054544
2021,2,3,Vicia_pyrenaica,4,2,1,0.44875519917397344
2021,2,3,Vicia_pyrenaica,4,22,1,0.6146827195379196
2021,2,3,Vicia_pyrenaica,4,23,1,0.7418369056090872
2021,2,3,Vicia_pyrenaica,5,22,1,0.6817933479679095
2021,2,3,Vicia_pyrenaica,5,23,1,0.9494964516902004
2021,2,3,Vicia_pyrenaica,6,22,1,0.41143654564314863
2021,2,3,Vicia_pyrenaica,6,23,2,0.8844019933014423
2021,2,3,Vicia_pyrenaica,7,22,1,0.10586128045105918
2021,2,3,Vicia_pyrenaica,7,23,1,0.8701072461698147
2021,2,3,Vicia_pyrenaica,8,23,1,0.7988405842028717
2021,2,3,Vicia_pyrenaica,9,21,1,0.5011951846642717
2021,2,3,Vicia_pyrenaica,9,23,1,0.5161439223408953
2021,2,3,Vicia_pyrenaica,10,23,1,0.9791663655967282
2021,2,3,Vicia_pyrenaica,13,21,1,0.8059106786747884
2021,2,3,Vicia_pyrenaica,14,21,1,0.7868415234190528
2021,2,3,Vicia_pyrenaica,14,22,1,0.7047240077128788
2021,3,1,Lathyrus_linifolius,0,2,1,0.7670207639816938
2021,3,1,Lathyrus_linifolius,0,7,1,0.6137066707011181
2021,3,1,Lathyrus_linifolius,0,9,1,0.6972539035697928
2021,3,1,Lathyrus_linifolius,0,14,1,0.626884701573753
2021,3,1,Lathyrus_linifolius,0,17,1,0.7211134231675103
2021,3,1,Lathyrus_linifolius,1,13,1,0.6477793433582208
2021,3,1,Lathyrus_linifolius,1,15,1,0.6435523549554625
2021,3,1,Lathyrus_linifolius,1,16,1,0.6661894283930204
2021,3,1,Lathyrus_linifolius,2,2,2,0.6954315965889174
2021,3,1,Lathyrus_linifolius,2,13,1,0.5975156869117039
2021,3,1,Lathyrus_linifolius,2,22,2,0.7020557750761773
2021,3,1,Lathyrus_linifolius,3,1,1,0.8453394110376453
2021,3,1,Lathyrus_linifolius,3,15,1,0.6357963106538613
2021,3,1,Lathyrus_linifolius,5,15,1,0.7048412728219725
2021,3,1,Lathyrus_linifolius,7,9,1,0.7495957039303522
2021,3,1,Lathyrus_linifolius,7,15,1,0.6238826768395761
2021,3,1,Lathyrus_linifolius,8,2,1,0.753732698645813
2021,3,1,Lathyrus_linifolius,9,9,1,0.6848790533662343
2021,3,1,Lathyrus_linifolius,10,9,2,0.6201464225333947
2021,3,1,Lathyrus_linifolius,11,4,1,0.9274427466292648
2021,3,1,Lathyrus_linifolius,12,12,1,0.6385523570478593
2021,3,1,Lathyrus_linifolius,13,12,1,0.7564477389181583
2021,3,1,Lathyrus_linifolius,13,16,1,0.8273464966565367
2021,3,1,Lathyrus_linifolius,13,22,1,0.6986686911804924
2021,3,1,Lathyrus_linifolius,14,24,1,0.7292853037080699
2021,3,1,Lathyrus_linifolius,16,12,1,0.8975802766114657
2021,3,1,Lathyrus_linifolius,21,2,1,0.9757782381140656
2021,3,1,Lathyrus_linifolius,21,21,1,0.6541827439670715
2021,3,1,Lathyrus_linifolius,21,22,1,0.643291345837083
2021,3,1,Lathyrus_linifolius,22,2,2,0.9841918427314144
2021,3,1,Lathyrus_linifolius,22,21,1,0.7621508577908469
2021,3,1,Pedicularis_sylvatica,21,2,2,0.844053614296475
2021,3,1,Potentilla_erecta,17,1,1,0.9630453786832139
2021,3,1,Potentilla_erecta,21,4,1,0.8154142710258098
2021,3,2,Hippocrepis_comosa,13,4,1,0.8013236039998757
2021,3,2,Hippocrepis_comosa,18,4,1,0.8487661116513658
2021,3,2,Hippocrepis_comosa,18,5,1,0.9481665838815967
2021,3,2,Hippocrepis_comosa,20,2,2,0.6348419005767051
2021,3,2,Hippocrepis_comosa,20,5,1,0.6589025613235439
2021,3,2,Hippocrepis_comosa,21,1,1,0.9926241107269349
2021,3,2,Hippocrepis_comosa,21,2,1,0.9086020690055575
2021,3,2,Hippocrepis_comosa,21,5,1,0.6856877486653851
2021,3,2,Hippocrepis_comosa,22,5,1,0.6790904240585679
2021,3,2,Lathyrus_linifolius,9,17,1,0.7325700820024091
2021,3,2,Lathyrus_linifolius,12,16,1,0.6277727194948948
2021,3,2,Lathyrus_linifolius,14,9,1,0.6811228932189906
2021,3,2,Pedicularis_sylvatica,13,1,1,0.525544640619937
2021,3,2,Pedicularis_sylvatica,16,1,1,0.5837516204219896
2021,3,2,Pedicularis_sylvatica,17,4,1,0.6696957708967138
2021,3,2,Pedicularis_sylvatica,20,5,1,0.8515851625016613
2021,3,2,Pedicularis_sylvatica,21,1,1,0.9935806192948623
2021,3,2,Pedicularis_sylvatica,21,4,1,0.8831668040084016
2021,3,2,Pedicularis_sylvatica,22,1,1,0.9303621192819806
2021,3,2,Pedicularis_sylvatica,22,2,1,0.9774057456181601
2021,3,2,Pedicularis_sylvatica,23,3,1,0.5439973447893106
2021,3,2,Pilosella_officinarum,17,17,1,0.6552484469171962
2021,3,2,Pilosella_officinarum,18,17,1,0.4495437005487117
2021,3,2,Pilosella_officinarum,21,2,1,0.9532306287723953
2021,3,2,Pilosella_officinarum,21,11,1,0.6945700877170796
2021,3,2,Pilosella_officinarum,23,12,1,0.4773325106512649
2021,3,2,Polygala_vulgaris,18,15,1,0.5233293991136018
2021,3,2,Potentilla_erecta,1,4,1,0.6893483920851248
2021,3,2,Potentilla_erecta,2,7,1,0.6789526901363556
2021,3,2,Potentilla_erecta,8,9,1,0.7116063166440889
2021,3,2,Potentilla_erecta,14,23,1,0.7288818965487387
2021,3,2,Potentilla_erecta,17,14,1,0.5297847715814928
2021,3,2,Potentilla_erecta,18,12,1,0.7707419828966264
2021,3,2,Potentilla_erecta,18,13,1,0.6037463432364456
2021,3,2,Potentilla_erecta,18,15,1,0.5967889024027949
2021,3,2,Potentilla_erecta,19,3,1,0.8227860645671338
2021,3,2,Potentilla_erecta,20,16,1,0.7884395031077542
2021,3,2,Potentilla_erecta,21,12,1,0.7496994846459653
2021,3,2,Ranunculus_repens,8,9,1,0.8544092433937305
2021,3,2,Ranunculus_repens,11,3,1,0.7271822035935495
2021,3,2,Ranunculus_repens,11,21,1,0.7517310960881185
2021,3,2,Ranunculus_repens,12,3,1,0.8810288558084243
2021,3,2,Ranunculus_repens,13,3,1,0.5955301912646678
2021,3,2,Ranunculus_repens,14,23,1,0.7773985772061603
2021,3,2,Ranunculus_repens,20,3,1,0.781967806974733
2021,3,2,Ranunculus_repens,21,22,1,0.9287849764823396
2021,3,3,Hippocrepis_comosa,20,2,1,0.48530043615522356
2021,3,3,Lotus_corniculatus,7,8,1,0.4912985648615529
2021,3,3,Lotus_corniculatus,8,7,1,0.610810727768855
2021,3,3,Lotus_corniculatus,16,16,1,0.9588463506576987
2021,3,3,Pilosella_officinarum,11,3,1,0.3368117177722937
2021,3,3,Pilosella_officinarum,12,3,1,0.4645818467820821
2021,3,3,Pilosella_officinarum,17,4,1,0.5488653511232446
2021,3,3,Pilosella_officinarum,18,4,1,0.8589051616987173
2021,3,3,Pilosella_officinarum,18,5,1,0.9299595535222533
2021,3,3,Potentilla_erecta,4,4,1,0.5711299321862728
2021,3,3,Ranunculus_repens,5,4,1,0.6190472029554311
2021,4,2,Potentilla_erecta,4,4,1,0.3823415270082004
2021,4,2,Potentilla_erecta,7,8,1,0.4203392203448766
2021,4,2,Potentilla_erecta,9,1,1,0.3460875693950417
2021,4,2,Potentilla_erecta,9,8,1,0.5106444674165936
2021,4,2,Potentilla_erecta,10,4,1,0.4690918969623805
2021,4,2,Potentilla_erecta,13,3,1,0.39650037044098096
2021,4,2,Potentilla_erecta,13,4,1,0.49812686728247707
2021,4,2,Potentilla_erecta,15,4,1,0.3781621626969043
2021,4,2,Potentilla_erecta,15,14,1,0.5045651594591124
2021,4,2,Potentilla_erecta,17,4,1,0.4830560434548068
2021,4,2,Potentilla_erecta,21,1,1,0.3494591449991767
2021,4,2,Potentilla_erecta,23,16,1,0.4502532333646563
2021,4,3,Potentilla_erecta,0,2,1,0.31716089630816946
2021,4,3,Potentilla_erecta,0,6,1,0.43042739014842313
2021,4,3,Potentilla_erecta,1,1,1,0.27013688012548914
2021,4,3,Potentilla_erecta,8,4,1,0.44634903604243764
2021,4,3,Potentilla_erecta,9,5,1,0.5742019936422689
2021,4,3,Potentilla_erecta,10,3,1,0.45009141629115546
2021,4,3,Potentilla_erecta,10,5,1,0.5133195707174434
2021,4,3,Potentilla_erecta,11,5,2,0.5395887899963163
2021,4,3,Potentilla_erecta,13,5,1,0.38147882254317367
2021,4,3,Potentilla_erecta,15,3,1,0.09508259490401991
2021,4,3,Potentilla_erecta,16,2,1,0.3897794748105236
2021,4,3,Potentilla_erecta,16,3,1,0.16044211089499075
2021,4,3,Potentilla_erecta,17,3,1,0.2719855664713676
2021,4,3,Potentilla_erecta,17,4,1,0.3460960882213638
2021,4,3,Potentilla_erecta,18,2,1,0.35667056391218144
2021,4,3,Potentilla_erecta,18,4,2,0.3220546788662393
2021,4,3,Potentilla_erecta,19,1,1,0.4802144338770592
2021,4,3,Potentilla_erecta,19,2,1,0.45890177273084454
2021,4,3,Potentilla_erecta,19,3,1,0.45579054737350616
2021,4,3,Potentilla_erecta,19,4,1,0.42107556721206485
2021,4,3,Potentilla_erecta,19,5,1,0.5627790469638859
2021,4,3,Potentilla_erecta,20,1,1,0.38217315380574524
2021,4,3,Potentilla_erecta,20,3,1,0.34114810954216496
2021,4,3,Potentilla_erecta,21,4,2,0.270281982039109
2021,4,3,Potentilla_erecta,22,1,1,0.26774097166479643
2021,4,3,Potentilla_erecta,22,4,1,0.4425259520618795
2021,4,3,Potentilla_erecta,23,1,1,0.39090229358635953
2021,4,3,Potentilla_erecta,23,2,1,0.40109786135404063
2021,5,3,Potentilla_erecta,0,1,1,0.9827425610167292
2021,5,3,Potentilla_erecta,0,17,1,0.9993744318303276
2021,5,3,Potentilla_erecta,1,8,1,0.9776806865612505
2021,5,3,Potentilla_erecta,1,9,1,0.9848711930944576
2021,5,3,Potentilla_erecta,1,17,1,0.9840477389909454
2021,5,3,Potentilla_erecta,2,1,2,0.9999976993139273
2021,5,3,Potentilla_erecta,2,5,1,0.9640032704345638
2021,5,3,Potentilla_erecta,2,6,1,0.986475475009913
2021,5,3,Potentilla_erecta,2,9,1,0.9999954288645826
2021,5,3,Potentilla_erecta,2,14,2,0.989393034277615
2021,5,3,Potentilla_erecta,2,19,2,0.987431578441561
2021,5,3,Potentilla_erecta,3,1,1,0.9999985808123482
2021,5,3,Potentilla_erecta,3,5,1,0.9743754542921832
2021,5,3,Potentilla_erecta,3,6,1,0.9691555254664259
2021,5,3,Potentilla_erecta,3,8,1,0.9841780395968494
2021,5,3,Potentilla_erecta,3,9,1,0.9999998637338401
2021,5,3,Potentilla_erecta,3,11,1,0.9959566141036151
2021,5,3,Potentilla_erecta,3,12,1,0.9836376474159041
2021,5,3,Potentilla_erecta,3,13,1,0.9887984653121299
2021,5,3,Potentilla_erecta,3,18,2,0.9843133913069213
2021,5,3,Potentilla_erecta,4,1,1,0.9998694583858853
2021,5,3,Potentilla_erecta,4,5,1,0.9857943272135731
2021,5,3,Potentilla_erecta,4,6,1,0.9767887696982056
2021,5,3,Potentilla_erecta,4,7,1,0.9718682675796576
2021,5,3,Potentilla_erecta,4,11,2,0.9922475462934974
2021,5,3,Potentilla_erecta,4,12,2,0.9812028022130385
2021,5,3,Potentilla_erecta,4,15,1,0.9775331073686722
2021,5,3,Potentilla_erecta,5,13,1,0.967919979384998
2021,5,3,Potentilla_erecta,5,17,1,0.9810788091257577
2021,5,3,Potentilla_erecta,7,3,1,0.9994758559598896
2021,5,3,Potentilla_erecta,7,4,1,0.9885636868148532
2021,5,3,Potentilla_erecta,7,5,1,0.9999790660836496
2021,5,3,Potentilla_erecta,7,16,1,0.9805775662760555
2021,5,3,Potentilla_erecta,8,5,1,0.9943117762391676
2021,5,3,Potentilla_erecta,8,15,1,0.9718102679266103
2021,5,3,Potentilla_erecta,8,16,1,0.9882537939516632
2021,5,3,Potentilla_erecta,10,11,1,0.995587115100121
2021,5,3,Potentilla_erecta,11,3,1,0.9999989479399061
2021,5,3,Potentilla_erecta,12,3,1,0.9879287151413444
2021,5,3,Potentilla_erecta,12,6,1,0.9839181616637163
2021,5,3,Potentilla_erecta,12,7,1,0.9763455067997885
2021,5,3,Potentilla_erecta,18,17,1,0.9828681980975014
2021,5,3,Potentilla_erecta,19,18,1,0.9746928961031747
2021,5,3,Potentilla_erecta,19,19,1,0.9938845075524197
2021,5,3,Potentilla_erecta,20,8,1,0.971373550293039
